{"cameraMode":{"drawMode":0,"name":"Shaded","section":"Shading Mode"},"sceneLighting":false,"audioPlay":false,"sceneViewState":{"m_AlwaysRefresh":false,"showFog":true,"showSkybox":false,"showFlares":true,"showImageEffects":true,"showParticleSystems":true,"showVisualEffectGraphs":true,"m_FxEnabled":true},"in2DMode":false,"pivot":{"x":-0.008803188800811768,"y":0.08863294124603272,"z":0.0040839314460754398},"rotation":{"x":0.13247458636760713,"y":-0.7678571343421936,"z":0.16848215460777284,"w":0.6037213206291199},"size":1.0728132724761963,"orthographic":false}