{"cameraMode":{"drawMode":0,"name":"Shaded","section":"Shading Mode"},"sceneLighting":false,"audioPlay":false,"sceneViewState":{"m_AlwaysRefresh":false,"showFog":true,"showSkybox":false,"showFlares":true,"showImageEffects":true,"showParticleSystems":true,"showVisualEffectGraphs":true,"m_FxEnabled":true},"in2DMode":false,"pivot":{"x":24.666610717773439,"y":18.329744338989259,"z":0.048632994294166568},"rotation":{"x":0.01101164985448122,"y":0.6789238452911377,"z":-0.010184632614254952,"w":0.7340571880340576},"size":0.31256720423698428,"orthographic":false}